{"loss": [0.06775181740522385, 0.030042145401239395], "f1": [0.688017942674675, 0.8276964341484027], "valid_loss": [0.04036024212837219, 0.03718651831150055], "valid_f1": [0.7744976816074188, 0.8012471901965049]}